,coef,pvalue
Intercept,-113.29595467231647,3.991560422016193e-26
log_gdp,11.309328585080534,3.685631417223467e-43
log_population,1.3031911512647252,9.796979879692554e-06
