,coef,pvalue
Intercept,-136.09272967744974,3.523091850329345e-05
log_gdp,10.433803351175087,1.5265583188915421e-06
log_population,4.094696701512016,0.0005616280245639198
