,coef,pvalue
Intercept,-110.15408615813128,1.6202383579170932e-26
log_gdp,10.388474196088165,2.6860147162249285e-40
log_population,1.5421975718501484,7.075344518456415e-08
