,coef,pvalue
Intercept,-65.70937199132008,4.945734248464466e-06
log_gdp,6.4161675445954085,1.5109328286382809e-09
log_population,1.21302611549909,0.0022221183945973885
