,coef,pvalue
Intercept,-114.9099673979048,1.5700985006949216e-26
log_gdp,11.37240326575405,3.1646549969016623e-43
log_population,1.3252693044142023,7.65274522603691e-06
